,age,ed,employ,income,debtinc,default,AgeCategory
0,41,3,17,176,9.3,1.0,0
1,27,1,10,31,17.3,0.0,1
2,40,1,15,55,5.5,0.0,0
3,41,1,15,120,2.9,0.0,0
4,24,2,2,28,17.3,1.0,1
5,41,2,5,25,10.2,0.0,0
6,39,1,20,67,30.6,0.0,2
7,43,1,12,38,3.6,0.0,0
8,24,1,3,19,24.4,1.0,1
9,36,1,0,25,19.7,0.0,2
10,27,1,0,16,1.7,0.0,1
11,25,1,4,23,5.2,0.0,1
12,52,1,24,64,10.0,0.0,0
13,37,1,6,29,16.3,0.0,2
14,48,1,22,100,9.1,0.0,0
15,36,2,9,49,8.6,1.0,2
16,36,2,13,41,16.4,1.0,2
17,43,1,23,72,7.6,0.0,0
18,39,1,6,61,5.7,0.0,2
19,41,3,0,26,1.7,0.0,0
20,39,1,22,52,3.2,0.0,2
21,47,1,17,43,5.6,0.0,0
22,28,1,3,26,10.0,0.0,1
23,29,1,8,27,9.8,0.0,1
24,21,2,1,16,18.0,1.0,1
25,25,4,0,32,17.6,0.0,1
26,45,2,9,69,6.7,0.0,0
27,43,1,25,64,16.7,0.0,0
28,33,2,12,58,18.4,0.0,2
29,26,3,2,37,14.2,0.0,1
30,45,1,3,20,2.1,0.0,0
31,30,1,1,22,10.5,0.0,2
32,27,3,2,26,6.0,0.0,1
33,25,1,8,27,14.4,0.0,1
34,25,1,8,35,2.9,0.0,1
35,26,2,6,45,26.0,0.0,1
36,30,2,10,22,16.1,0.0,2
37,32,2,12,54,14.4,0.0,2
38,28,2,1,24,17.1,1.0,1
39,45,1,23,50,4.2,0.0,0
40,23,1,7,31,6.6,0.0,1
41,34,1,17,59,8.0,0.0,2
42,42,2,7,41,4.6,0.0,0
43,39,1,19,48,13.1,0.0,2
44,26,1,0,14,7.5,1.0,1
45,21,2,0,16,6.8,0.0,1
46,35,1,13,35,4.5,0.0,2
47,47,1,4,26,10.4,0.0,0
48,23,2,0,21,11.4,1.0,1
49,35,1,18,42,7.4,0.0,2
50,34,1,2,25,12.6,1.0,2
51,46,1,1,20,14.0,0.0,0
52,46,1,16,52,12.9,1.0,0
53,38,3,3,25,3.7,0.0,2
54,40,2,3,28,9.5,0.0,0
55,37,1,1,24,15.1,1.0,2
56,35,1,9,34,5.0,0.0,2
57,39,2,16,69,2.4,0.0,2
58,40,3,18,100,2.5,0.0,0
59,50,3,10,80,12.2,0.0,0
60,31,1,9,28,2.4,0.0,2
61,29,1,13,42,7.4,1.0,1
62,37,1,4,23,12.4,0.0,2
63,33,2,4,55,7.0,0.0,2
64,26,2,5,28,7.8,0.0,1
65,32,2,11,75,23.3,1.0,2
66,28,2,2,23,6.4,1.0,1
67,39,1,19,46,9.1,0.0,2
68,28,2,8,31,8.2,1.0,1
69,29,1,1,20,18.6,1.0,1
70,34,2,3,21,23.1,0.0,2
71,28,2,5,34,23.8,0.0,1
72,47,1,26,100,12.8,0.0,0
73,43,4,1,26,10.6,0.0,0
74,41,1,13,44,1.7,0.0,0
75,47,1,13,51,23.8,0.0,0
76,24,1,2,21,0.6,0.0,1
77,29,1,1,17,6.7,0.0,1
78,33,1,14,37,2.6,0.0,2
79,36,1,15,39,3.2,0.0,2
80,26,1,4,27,10.5,1.0,1
81,31,1,11,45,17.0,0.0,2
82,37,1,7,32,19.6,0.0,2
83,35,4,4,29,11.0,0.0,2
84,26,1,4,20,5.4,0.0,1
85,40,1,10,45,18.8,0.0,0
86,29,2,5,36,12.4,1.0,1
87,37,3,5,29,24.6,0.0,2
88,32,1,12,28,2.9,0.0,2
89,23,2,0,17,27.7,1.0,1
90,32,1,3,23,6.2,0.0,2
91,25,1,1,15,11.4,1.0,1
92,38,1,5,54,10.6,0.0,2
93,32,2,0,18,5.8,1.0,2
94,41,3,2,15,26.3,1.0,0
95,36,1,17,54,4.4,0.0,2
96,42,3,13,82,3.3,0.0,0
97,41,1,14,52,7.3,0.0,0
98,29,2,4,19,6.3,0.0,1
99,38,3,4,31,9.3,1.0,2
100,39,1,22,113,2.6,0.0,2
101,36,1,6,26,8.3,0.0,2
102,33,1,8,27,5.8,0.0,2
103,42,2,21,121,3.1,0.0,0
104,41,2,22,75,23.6,0.0,0
105,40,1,8,28,3.6,0.0,0
106,53,1,9,50,11.2,1.0,0
107,28,1,4,26,13.5,0.0,1
108,36,2,12,60,7.9,0.0,2
109,34,2,9,45,10.1,0.0,2
110,45,3,2,39,4.9,0.0,0
111,38,1,6,41,8.9,0.0,2
112,21,3,0,24,7.7,0.0,1
113,42,1,12,51,21.4,0.0,0
114,52,1,16,64,8.6,0.0,0
115,25,2,4,33,5.2,0.0,1
116,34,2,9,65,6.2,0.0,2
117,40,2,15,73,3.4,0.0,0
118,31,2,0,27,12.8,1.0,2
119,25,1,1,20,6.7,1.0,1
120,45,1,12,37,9.5,0.0,0
121,23,1,3,19,8.4,1.0,1
122,34,4,6,27,35.3,1.0,2
123,31,1,2,22,12.7,1.0,2
124,28,1,5,22,2.8,0.0,1
125,41,1,7,43,4.4,0.0,0
126,39,2,7,68,13.0,1.0,2
127,29,2,9,36,1.4,0.0,1
128,21,1,5,25,9.0,0.0,1
129,41,2,19,68,5.8,0.0,0
130,26,4,1,27,2.9,0.0,1
131,33,1,5,18,12.9,0.0,2
132,45,2,18,35,17.4,0.0,0
133,39,1,17,60,13.7,0.0,2
134,24,1,7,21,6.3,0.0,1
135,29,2,6,57,2.2,0.0,1
136,27,2,1,23,12.4,0.0,1
137,40,1,13,28,5.9,0.0,0
138,29,1,8,24,6.7,0.0,1
139,29,2,4,37,6.6,1.0,1
140,24,1,0,16,16.0,1.0,1
141,27,1,9,45,17.8,1.0,1
142,41,3,16,135,4.4,0.0,0
143,31,1,11,25,9.1,0.0,2
144,41,1,16,68,5.4,0.0,0
145,42,2,5,41,3.4,0.0,0
146,28,4,1,26,12.4,0.0,1
147,30,4,2,25,10.0,0.0,2
148,30,1,11,33,8.4,0.0,2
149,31,1,8,44,8.0,0.0,2
150,45,2,15,51,18.1,0.0,0
151,43,1,13,76,6.1,1.0,0
152,36,1,4,23,16.3,0.0,2
153,28,1,8,30,7.2,0.0,1
154,27,2,3,33,13.2,0.0,1
155,36,3,13,39,19.2,0.0,2
156,33,1,12,32,11.3,0.0,2
157,54,1,9,28,14.8,1.0,0
158,33,1,9,29,13.8,1.0,2
159,31,1,9,26,4.5,0.0,2
160,21,1,4,26,8.9,0.0,1
161,28,3,5,44,8.7,0.0,1
162,31,2,2,26,6.8,1.0,2
163,32,1,8,26,4.1,0.0,2
164,35,2,1,24,12.5,1.0,2
165,40,2,13,102,18.9,1.0,0
166,22,1,4,24,15.6,1.0,1
167,39,1,4,38,6.5,0.0,2
168,41,4,14,44,1.7,0.0,0
169,34,1,16,79,4.0,0.0,2
170,29,1,7,22,9.7,0.0,1
171,31,1,4,28,11.3,0.0,2
172,32,1,1,20,4.8,1.0,2
173,32,1,14,73,8.8,0.0,2
174,33,1,6,21,7.5,0.0,2
175,26,1,6,22,10.3,0.0,1
176,21,1,1,18,17.3,0.0,1
177,28,2,7,34,7.0,0.0,1
178,37,1,13,24,8.9,0.0,2
179,33,2,2,35,22.9,1.0,2
180,39,1,12,46,5.0,0.0,2
181,40,2,8,57,5.6,0.0,0
182,45,3,16,80,3.0,0.0,0
183,27,1,10,34,6.5,0.0,1
184,28,4,0,29,24.2,0.0,1
185,39,1,13,27,8.0,0.0,2
186,40,1,14,43,15.0,1.0,0
187,27,1,11,56,16.9,0.0,1
188,36,1,1,16,9.3,0.0,2
189,55,1,19,78,15.6,0.0,0
190,27,2,4,22,13.2,1.0,1
191,30,1,1,17,11.0,0.0,2
192,36,1,10,28,11.2,1.0,2
193,31,1,1,21,2.5,1.0,2
194,33,2,13,40,7.2,0.0,2
195,30,1,4,33,4.2,0.0,2
196,24,1,1,18,5.9,1.0,1
197,33,4,9,28,4.3,0.0,2
198,50,1,8,47,6.9,0.0,0
199,31,2,6,32,23.1,1.0,2
200,28,1,3,19,4.1,0.0,1
201,44,3,8,88,6.1,1.0,0
202,48,4,3,45,9.8,0.0,0
203,36,2,0,30,9.7,0.0,2
204,29,3,7,63,5.5,0.0,1
205,40,3,17,116,6.0,0.0,0
206,33,1,7,26,6.0,0.0,2
207,26,2,6,30,1.0,0.0,1
208,36,1,14,81,7.2,0.0,2
209,26,2,6,35,1.9,0.0,1
210,40,3,16,116,12.1,0.0,0
211,44,1,5,48,9.0,1.0,0
212,29,3,1,30,4.5,0.0,1
213,35,3,5,37,5.4,1.0,2
214,34,1,16,75,10.4,0.0,2
215,34,3,12,47,6.7,0.0,2
216,46,1,14,35,10.2,0.0,0
217,41,2,21,145,12.2,0.0,0
218,27,2,7,30,4.0,1.0,1
219,27,4,0,70,8.0,1.0,1
220,28,1,11,24,2.4,0.0,1
221,48,3,0,19,10.8,0.0,0
222,48,3,17,113,12.0,0.0,0
223,29,3,5,70,19.9,1.0,1
224,43,2,9,60,20.4,1.0,0
225,23,1,5,17,7.9,0.0,1
226,29,2,10,44,18.1,0.0,1
227,40,4,5,75,1.9,0.0,0
228,22,2,0,20,5.6,0.0,1
229,23,1,7,22,14.4,0.0,1
230,46,3,9,60,15.3,0.0,0
231,55,1,3,40,8.0,1.0,0
232,38,2,8,38,0.6,0.0,2
233,35,2,5,33,2.8,0.0,2
234,30,1,11,27,0.9,0.0,2
235,24,1,7,18,6.5,0.0,1
236,26,2,4,28,9.5,0.0,1
237,32,2,2,15,9.1,1.0,2
238,37,2,11,75,3.5,0.0,2
239,39,1,6,42,19.9,1.0,2
240,30,2,4,21,18.3,0.0,2
241,30,1,10,39,9.5,0.0,2
242,32,2,7,32,4.3,0.0,2
243,54,3,21,118,14.4,0.0,0
244,27,3,3,35,13.3,0.0,1
245,31,1,12,31,23.7,0.0,2
246,39,1,15,39,1.8,0.0,2
247,31,1,5,25,14.1,0.0,2
248,35,1,15,40,18.5,0.0,2
249,35,2,10,98,13.3,0.0,2
250,46,2,22,144,11.1,0.0,0
251,33,1,13,52,21.3,1.0,2
252,35,2,13,105,1.9,0.0,2
253,35,2,1,21,7.9,0.0,2
254,38,1,5,21,9.0,0.0,2
255,41,1,19,96,7.8,0.0,0
256,38,1,18,44,4.5,0.0,2
257,34,3,2,39,13.2,0.0,2
258,51,3,16,82,4.4,0.0,0
259,34,2,10,33,9.5,0.0,2
260,47,1,15,30,24.5,0.0,0
261,34,2,8,78,5.4,0.0,2
262,27,2,8,18,11.9,0.0,1
263,52,1,9,24,19.2,1.0,0
264,39,1,9,35,5.0,0.0,2
265,33,1,7,22,6.4,0.0,2
266,34,1,0,21,7.2,0.0,2
267,31,3,9,59,14.6,1.0,2
268,28,1,2,16,15.2,0.0,1
269,39,1,19,45,3.7,0.0,2
270,51,2,22,120,7.6,0.0,0
271,22,1,4,16,1.2,0.0,1
272,27,3,6,26,10.4,0.0,1
273,32,1,16,38,21.0,0.0,2
274,28,2,6,38,7.2,0.0,1
275,27,2,1,20,10.3,1.0,1
276,26,2,2,24,13.6,1.0,1
277,32,1,14,36,2.4,0.0,2
278,30,1,0,17,3.7,1.0,2
279,39,1,13,38,8.9,0.0,2
280,31,1,11,28,4.8,1.0,2
281,34,1,15,39,24.7,1.0,2
282,31,1,8,41,12.6,0.0,2
283,29,2,1,25,10.4,0.0,1
284,29,1,9,25,13.9,0.0,1
285,35,2,9,30,7.6,0.0,2
286,29,1,11,32,6.0,0.0,1
287,38,2,2,22,22.7,1.0,2
288,35,1,16,36,3.4,0.0,2
289,29,1,11,36,6.1,0.0,1
290,23,2,3,34,4.4,0.0,1
291,33,4,9,32,5.5,0.0,2
292,51,2,19,159,2.8,0.0,0
293,24,1,4,21,2.6,0.0,1
294,31,1,10,49,9.8,1.0,2
295,45,1,10,52,5.4,0.0,0
296,29,1,3,17,9.0,0.0,1
297,34,1,0,20,17.1,0.0,2
298,25,2,4,27,5.0,1.0,1
299,37,1,20,56,1.9,0.0,2
300,47,1,29,129,25.3,1.0,0
301,43,2,6,54,9.6,0.0,0
302,47,1,22,81,5.5,0.0,0
303,24,1,6,21,5.2,0.0,1
304,27,3,5,75,6.3,0.0,1
305,25,1,9,18,1.2,0.0,1
306,36,3,11,44,14.7,0.0,2
307,39,1,16,57,19.4,0.0,2
308,26,1,10,25,7.1,0.0,1
309,41,1,4,25,10.1,0.0,0
310,39,1,19,60,27.1,1.0,2
311,37,1,18,54,12.1,0.0,2
312,29,1,2,14,14.4,1.0,1
313,42,1,6,31,11.6,0.0,0
314,31,4,1,29,11.1,0.0,2
315,36,1,4,17,17.3,0.0,2
316,39,1,16,52,20.0,0.0,2
317,23,4,0,23,6.7,0.0,1
318,39,1,4,33,7.0,0.0,2
319,27,3,4,40,3.1,1.0,1
320,24,1,8,24,5.0,0.0,1
321,27,3,3,45,11.0,1.0,1
322,41,1,16,49,1.6,0.0,0
323,38,1,0,23,8.1,1.0,2
324,40,2,5,35,16.4,1.0,0
325,54,1,25,120,26.5,1.0,0
326,40,1,12,89,17.4,0.0,0
327,40,1,2,32,3.7,0.0,0
328,29,1,1,31,8.0,0.0,1
329,30,1,8,23,12.0,0.0,2
330,29,1,1,18,1.1,0.0,1
331,29,3,3,50,2.4,1.0,1
332,28,4,2,41,2.5,1.0,1
333,28,4,0,38,10.4,0.0,1
334,39,2,16,89,14.3,0.0,2
335,32,1,11,53,3.3,0.0,2
336,36,2,7,43,15.4,0.0,2
337,39,1,20,39,8.2,0.0,2
338,28,3,6,47,19.8,1.0,1
339,28,1,4,28,14.2,1.0,1
340,46,1,6,31,12.2,0.0,0
341,30,2,4,15,6.5,0.0,2
342,39,2,15,32,4.9,0.0,2
343,40,3,5,220,16.0,1.0,0
344,44,2,18,74,13.4,0.0,0
345,30,1,0,19,16.6,1.0,2
346,24,2,3,19,4.3,0.0,1
347,32,1,10,32,11.3,0.0,2
348,29,2,3,15,2.6,0.0,1
349,40,2,2,36,3.8,0.0,0
350,41,2,8,43,0.7,0.0,0
351,22,1,1,17,18.6,0.0,1
352,38,1,10,34,1.2,0.0,2
353,37,2,6,62,8.5,0.0,2
354,41,3,18,71,15.7,1.0,0
355,41,3,7,56,14.5,1.0,0
356,39,1,2,22,23.1,1.0,2
357,24,2,0,15,16.1,1.0,1
358,32,3,9,51,23.0,0.0,2
359,21,3,0,26,7.7,0.0,1
360,29,1,13,27,2.3,0.0,1
361,35,2,14,82,0.8,0.0,2
362,29,1,6,21,18.1,0.0,1
363,41,2,2,30,6.7,0.0,0
364,37,1,0,18,12.9,1.0,2
365,32,2,3,47,1.9,0.0,2
366,36,5,5,20,8.1,0.0,2
367,39,2,18,44,2.1,0.0,2
368,36,1,18,67,11.2,0.0,2
369,46,3,22,99,2.3,0.0,0
370,34,1,13,51,9.6,0.0,2
371,27,1,7,26,9.1,0.0,1
372,43,1,8,45,3.3,0.0,0
373,33,1,14,72,41.3,1.0,2
374,39,2,20,101,1.4,0.0,2
375,29,1,1,17,2.5,0.0,1
376,34,4,7,40,6.4,0.0,2
377,26,1,1,21,4.9,0.0,1
378,31,1,15,60,4.8,0.0,2
379,26,1,10,24,2.7,0.0,1
380,28,1,12,45,7.7,0.0,1
381,48,1,13,50,30.8,1.0,0
382,39,2,2,46,16.0,1.0,2
383,37,1,3,25,3.7,0.0,2
384,52,5,9,70,9.4,1.0,0
385,48,1,3,27,21.3,0.0,0
386,26,1,7,22,5.1,0.0,1
387,46,5,15,126,3.1,0.0,0
388,31,1,7,23,4.9,0.0,2
389,34,1,13,56,6.1,0.0,2
390,40,1,22,95,3.6,0.0,0
391,24,3,2,16,6.4,1.0,1
392,33,1,2,44,3.1,0.0,2
393,53,4,5,78,17.3,1.0,0
394,47,3,9,52,20.1,1.0,0
395,35,1,5,32,13.0,0.0,2
396,34,1,14,28,17.0,0.0,2
397,49,1,11,39,10.1,0.0,0
398,26,2,0,28,9.3,0.0,1
399,23,1,2,16,9.6,1.0,1
400,23,2,0,21,8.7,0.0,1
401,38,2,4,56,1.6,0.0,2
402,28,2,5,37,8.3,0.0,1
403,30,3,0,65,29.7,1.0,2
404,34,1,18,34,15.4,0.0,2
405,50,2,16,71,11.1,0.0,0
406,29,1,12,40,6.7,0.0,1
407,42,3,0,64,6.6,0.0,0
408,31,1,13,27,5.0,0.0,2
409,39,1,10,31,4.8,0.0,2
410,45,2,21,132,3.0,0.0,0
411,45,1,22,91,11.7,0.0,0
412,36,1,14,53,5.7,0.0,2
413,25,4,0,24,12.1,1.0,1
414,29,2,1,29,21.2,1.0,1
415,30,2,8,56,6.4,0.0,2
416,31,1,1,24,4.5,0.0,2
417,43,1,4,29,4.6,0.0,0
418,32,2,11,57,23.8,1.0,2
419,47,1,19,50,30.1,0.0,0
420,46,1,1,21,14.8,1.0,0
421,43,2,16,83,4.1,0.0,0
422,48,1,3,24,7.0,0.0,0
423,30,3,8,61,2.8,0.0,2
424,23,4,0,32,18.4,1.0,1
425,36,4,8,32,1.6,0.0,2
426,20,3,0,17,2.3,0.0,1
427,43,1,16,89,0.4,0.0,0
428,23,1,2,25,4.5,1.0,1
429,41,1,21,76,20.5,0.0,0
430,34,1,12,68,25.1,1.0,2
431,50,1,11,36,4.8,0.0,0
432,40,1,9,64,6.6,0.0,0
433,29,2,0,22,12.9,1.0,1
434,39,2,9,56,18.7,0.0,2
435,24,2,1,42,5.7,0.0,1
436,27,1,0,16,1.1,0.0,1
437,40,3,18,157,6.6,0.0,0
438,32,2,8,45,3.7,0.0,2
439,39,2,16,53,3.7,0.0,2
440,40,1,22,100,14.6,0.0,0
441,32,1,10,42,9.1,0.0,2
442,39,1,23,75,18.9,0.0,2
443,24,1,3,21,28.9,1.0,1
444,43,4,18,446,6.5,1.0,0
445,56,1,11,59,15.0,0.0,0
446,32,3,5,23,4.5,0.0,2
447,42,1,7,25,10.2,0.0,0
448,46,3,3,43,13.2,1.0,0
449,31,1,2,22,16.4,1.0,2
450,43,1,25,242,2.6,0.0,0
451,28,2,6,22,11.5,0.0,1
452,39,3,11,39,12.9,0.0,2
453,39,1,0,39,7.9,0.0,2
454,37,4,1,33,16.1,1.0,2
455,30,1,0,17,12.0,0.0,2
456,37,5,9,177,5.9,0.0,2
457,22,1,4,14,17.5,0.0,1
458,50,1,1,26,14.3,0.0,0
459,30,1,10,19,4.4,0.0,2
460,39,1,8,21,4.0,0.0,2
461,21,2,0,21,12.5,1.0,1
462,31,3,9,28,2.6,0.0,2
463,31,2,9,30,5.8,0.0,2
464,48,1,0,30,22.3,0.0,0
465,28,1,4,16,23.8,0.0,1
466,47,3,16,221,17.6,1.0,0
467,27,2,6,34,4.4,0.0,1
468,29,2,6,65,18.4,0.0,1
469,21,2,2,20,4.5,1.0,1
470,29,1,7,20,19.8,1.0,1
471,24,4,0,29,6.6,1.0,1
472,44,1,12,31,9.7,0.0,0
473,22,1,1,18,4.4,0.0,1
474,38,2,13,59,2.4,0.0,2
475,52,2,12,76,7.7,0.0,0
476,25,1,3,18,16.3,1.0,1
477,25,1,5,22,10.9,0.0,1
478,51,2,27,166,11.5,0.0,0
479,38,1,21,58,16.5,0.0,2
480,44,1,9,33,5.2,0.0,0
481,24,2,2,26,9.7,1.0,1
482,34,1,5,33,7.3,0.0,2
483,25,2,6,26,4.5,0.0,1
484,45,3,5,94,10.5,1.0,0
485,34,2,4,25,5.8,0.0,2
486,27,4,2,23,5.7,1.0,1
487,33,2,10,57,20.9,1.0,2
488,35,2,0,22,15.0,1.0,2
489,50,2,15,60,1.1,0.0,0
490,33,1,13,42,3.6,0.0,2
491,41,3,13,91,25.2,1.0,0
492,28,1,0,28,33.3,1.0,1
493,38,3,12,63,16.0,1.0,2
494,25,1,3,16,17.8,1.0,1
495,47,2,4,33,7.1,1.0,0
496,30,2,12,98,7.2,0.0,2
497,44,2,12,86,13.0,0.0,0
498,25,1,0,18,18.9,1.0,1
499,41,2,6,36,19.5,1.0,0
500,22,3,0,18,7.7,0.0,1
501,35,2,3,40,17.2,1.0,2
502,42,5,6,190,7.8,0.0,0
503,38,1,3,23,14.7,0.0,2
504,23,2,1,18,18.7,1.0,1
505,28,3,2,30,19.9,0.0,1
506,52,1,19,89,4.7,0.0,0
507,25,1,9,20,3.5,0.0,1
508,28,2,1,16,14.7,0.0,1
509,43,1,19,79,7.5,0.0,0
510,24,2,3,24,19.1,0.0,1
511,34,3,13,52,9.2,0.0,2
512,29,2,6,25,4.2,0.0,1
513,31,1,6,21,8.3,0.0,2
514,42,2,14,48,8.6,1.0,0
515,49,2,11,51,15.0,0.0,0
516,39,1,22,73,14.3,0.0,2
517,45,3,0,22,4.2,0.0,0
518,41,1,7,32,2.9,0.0,0
519,29,2,9,46,1.6,0.0,1
520,35,3,7,38,15.1,0.0,2
521,27,2,5,25,6.8,0.0,1
522,28,1,4,19,4.1,0.0,1
523,48,1,17,66,3.2,0.0,0
524,24,1,2,18,6.0,0.0,1
525,31,1,6,33,4.2,0.0,2
526,43,1,10,69,6.4,0.0,0
527,42,1,3,24,10.6,0.0,0
528,51,2,31,249,7.8,0.0,0
529,22,1,4,19,23.1,1.0,1
530,37,1,6,31,11.7,1.0,2
531,22,3,1,25,13.8,1.0,1
532,49,2,2,20,16.9,1.0,0
533,29,1,9,30,8.2,0.0,1
534,42,1,2,30,9.7,0.0,0
535,34,1,15,67,13.2,0.0,2
536,34,2,9,27,1.7,0.0,2
537,32,2,5,43,15.0,1.0,2
538,42,2,18,66,9.6,0.0,0
539,24,1,3,14,16.1,1.0,1
540,34,1,16,48,7.6,0.0,2
541,26,1,10,32,4.7,0.0,1
542,30,2,12,68,20.1,0.0,2
543,32,1,4,16,28.5,1.0,2
544,38,3,13,25,5.7,0.0,2
545,43,2,10,37,8.5,0.0,0
546,31,2,9,53,13.5,0.0,2
547,37,4,10,123,17.3,0.0,2
548,37,2,4,20,21.7,1.0,2
549,41,3,12,86,26.5,1.0,0
550,32,1,0,20,3.0,1.0,2
551,22,2,0,35,9.0,1.0,1
552,32,2,12,63,18.2,0.0,2
553,47,2,17,41,9.5,0.0,0
554,40,1,21,46,6.2,0.0,0
555,31,1,8,22,6.7,0.0,2
556,34,3,7,27,2.2,0.0,2
557,52,4,13,234,7.7,0.0,0
558,28,1,2,17,2.5,1.0,1
559,38,3,15,63,13.4,0.0,2
560,33,2,10,26,3.1,0.0,2
561,39,2,9,32,6.6,0.0,2
562,47,3,23,115,4.0,0.0,0
563,36,2,11,49,1.3,0.0,2
564,29,3,7,84,13.6,1.0,1
565,48,4,14,59,16.5,1.0,0
566,38,3,12,64,5.8,0.0,2
567,46,2,9,15,4.3,0.0,0
568,27,3,5,42,19.9,1.0,1
569,54,1,18,114,8.5,0.0,0
570,27,4,0,25,12.7,1.0,1
571,23,1,1,17,1.6,0.0,1
572,41,1,23,91,13.7,0.0,0
573,24,1,3,15,11.3,1.0,1
574,28,1,9,22,27.7,1.0,1
575,26,1,0,14,10.5,0.0,1
576,24,1,8,17,5.6,1.0,1
577,49,2,22,79,7.3,0.0,0
578,28,2,3,36,8.6,0.0,1
579,38,1,6,18,13.0,0.0,2
580,33,2,2,37,4.5,0.0,2
581,26,1,8,25,4.7,0.0,1
582,36,1,9,40,9.8,0.0,2
583,37,3,16,50,36.6,1.0,2
584,25,4,0,18,33.4,1.0,1
585,29,1,9,33,4.8,0.0,1
586,27,2,8,38,6.9,0.0,1
587,45,1,17,62,15.0,0.0,0
588,37,1,9,57,5.5,0.0,2
589,29,2,3,26,6.1,1.0,1
590,51,1,10,44,13.2,1.0,0
591,22,3,0,23,8.4,1.0,1
592,30,4,7,30,15.7,0.0,2
593,31,1,7,20,12.3,0.0,2
594,28,1,2,18,14.8,1.0,1
595,35,1,10,39,5.7,0.0,2
596,25,4,1,34,8.5,1.0,1
597,32,2,5,28,14.8,1.0,2
598,33,1,2,24,9.6,0.0,2
599,28,2,3,41,25.1,1.0,1
600,46,3,4,73,5.4,0.0,0
601,41,1,24,83,14.0,0.0,0
602,42,2,11,73,6.8,0.0,0
603,41,4,9,47,5.0,0.0,0
604,26,1,3,29,25.7,1.0,1
605,47,1,27,113,9.2,0.0,0
606,29,1,1,18,25.6,1.0,1
607,34,1,3,36,4.7,0.0,2
608,36,1,7,43,6.2,0.0,2
609,38,2,7,64,3.0,0.0,2
610,41,2,4,26,19.2,1.0,0
611,46,1,9,31,13.8,0.0,0
612,40,3,3,55,16.5,1.0,0
613,44,2,17,129,2.5,0.0,0
614,35,3,10,39,10.4,0.0,2
615,36,1,20,60,5.4,0.0,2
616,28,2,0,30,4.8,1.0,1
617,29,2,6,18,5.1,1.0,1
618,23,2,3,22,11.4,1.0,1
619,41,2,7,63,15.4,0.0,0
620,25,1,1,19,6.9,0.0,1
621,45,2,2,29,5.4,0.0,0
622,48,2,30,148,7.2,0.0,0
623,38,1,18,45,7.0,0.0,2
624,29,1,6,46,5.4,0.0,1
625,42,4,15,186,3.6,0.0,0
626,31,1,11,47,10.9,0.0,2
627,40,1,3,23,6.9,0.0,0
628,26,1,2,21,19.8,0.0,1
629,25,1,6,22,20.2,0.0,1
630,53,4,7,61,7.9,0.0,0
631,50,3,18,102,14.1,0.0,0
632,47,1,31,136,23.1,1.0,0
633,23,1,1,21,8.4,1.0,1
634,37,3,12,83,4.1,0.0,2
635,41,1,24,100,11.5,0.0,0
636,28,2,0,29,13.3,1.0,1
637,31,1,7,41,30.7,1.0,2
638,41,2,6,19,6.3,0.0,0
639,36,1,7,40,9.9,0.0,2
640,41,1,1,19,4.4,0.0,0
641,53,2,16,44,5.6,0.0,0
642,31,2,6,25,11.5,0.0,2
643,28,2,5,25,2.9,0.0,1
644,48,1,28,70,12.0,0.0,0
645,23,2,0,42,3.9,1.0,1
646,31,1,11,34,6.8,0.0,2
647,27,1,6,43,4.9,0.0,1
648,43,1,11,37,1.3,0.0,0
649,29,2,5,28,18.7,0.0,1
650,53,1,6,27,6.4,1.0,0
651,38,1,4,19,13.6,0.0,2
652,30,1,12,38,8.5,0.0,2
653,28,3,2,20,9.4,1.0,1
654,36,1,11,33,32.5,0.0,2
655,48,1,15,60,2.1,0.0,0
656,31,1,12,24,6.6,0.0,2
657,35,1,16,57,10.5,0.0,2
658,50,1,4,23,12.5,0.0,0
659,42,2,12,55,15.0,0.0,0
660,40,1,2,28,7.1,0.0,0
661,37,2,0,31,0.9,1.0,2
662,31,3,6,54,2.8,0.0,2
663,38,1,11,35,8.0,0.0,2
664,35,1,15,77,10.6,0.0,2
665,44,1,24,101,5.6,0.0,0
666,44,2,21,113,13.2,0.0,0
667,33,1,0,23,0.9,0.0,2
668,35,1,7,29,4.9,0.0,2
669,36,3,10,43,13.0,0.0,2
670,23,2,3,24,6.3,0.0,1
671,27,1,0,18,12.8,0.0,1
672,34,1,6,20,1.2,0.0,2
673,35,1,0,34,11.1,1.0,2
674,24,2,4,20,3.7,0.0,1
675,48,1,30,101,6.4,0.0,0
676,26,2,8,40,11.8,0.0,1
677,40,1,6,36,2.1,1.0,0
678,34,1,9,48,9.3,0.0,2
679,35,1,17,42,3.0,0.0,2
680,30,1,7,33,25.4,1.0,2
681,20,1,4,14,9.7,1.0,1
682,36,4,1,30,11.5,0.0,2
683,21,1,1,16,6.3,0.0,1
684,34,1,18,53,10.5,0.0,2
685,35,1,7,39,16.1,1.0,2
686,35,3,1,20,7.9,0.0,2
687,34,1,10,33,10.3,1.0,2
688,33,1,12,68,10.8,0.0,2
689,30,1,4,18,10.7,0.0,2
690,24,2,0,16,7.3,0.0,1
691,47,1,31,253,7.2,0.0,0
692,53,1,0,27,28.9,1.0,0
693,22,3,0,20,4.7,0.0,1
694,48,2,6,66,12.1,0.0,0
695,36,2,6,27,4.6,1.0,2
696,29,2,6,21,11.5,0.0,1
697,33,1,15,32,7.6,0.0,2
698,45,1,19,77,8.4,0.0,0
699,37,1,12,44,14.7,0.0,2
700,36,1,16,32,10.9,,2
701,50,1,6,21,12.9,,0
702,40,1,9,33,17.0,,0
703,31,1,5,23,2.0,,2
704,29,1,4,24,7.8,,1
705,25,2,1,14,9.9,,1
706,34,1,4,28,9.4,,2
707,50,1,30,150,32.5,,0
708,27,1,5,26,1.2,,1
709,31,4,7,97,6.0,,2
710,45,1,8,27,2.6,,0
711,35,1,10,28,1.3,,2
712,47,2,27,107,6.1,,0
713,50,3,25,94,5.3,,0
714,37,2,15,108,11.8,,2
715,46,1,7,41,23.4,,0
716,26,4,1,92,13.0,,1
717,33,1,16,46,8.1,,2
718,43,1,8,32,19.0,,0
719,49,2,14,63,15.8,,0
720,44,1,2,22,9.6,,0
721,32,1,12,33,11.2,,2
722,38,1,5,20,1.5,,2
723,52,1,33,139,5.6,,0
724,35,1,10,24,21.3,,2
725,33,4,4,22,5.5,,2
726,35,1,11,77,4.7,,2
727,34,2,9,40,1.6,,2
728,39,1,19,53,3.7,,2
729,31,1,8,27,5.4,,2
730,37,1,5,27,9.4,,2
731,44,1,19,40,10.9,,0
732,30,1,1,27,12.3,,2
733,37,1,18,58,10.3,,2
734,35,1,11,40,2.9,,2
735,43,1,4,26,7.1,,0
736,26,1,0,17,5.0,,1
737,35,1,13,42,17.6,,2
738,24,1,4,19,11.0,,1
739,24,1,4,23,4.9,,1
740,26,3,3,40,10.8,,1
741,34,1,10,48,5.1,,2
742,44,4,18,78,1.0,,0
743,46,1,9,72,5.0,,0
744,40,1,17,55,11.4,,0
745,37,4,2,29,15.4,,2
746,35,3,5,30,10.6,,2
747,46,2,18,55,4.4,,0
748,40,3,5,28,10.0,,0
749,48,2,21,86,1.2,,0
750,53,1,33,324,7.0,,0
751,45,3,9,84,13.1,,0
752,32,3,6,22,6.7,,2
753,43,1,15,62,9.4,,0
754,29,2,3,32,9.0,,1
755,47,2,7,49,0.9,,0
756,21,2,1,17,10.5,,1
757,30,1,0,20,5.4,,2
758,25,3,3,54,7.4,,1
759,27,1,6,52,13.8,,1
760,36,1,4,25,4.0,,2
761,35,1,12,30,15.4,,2
762,33,1,11,35,15.9,,2
763,21,3,0,41,19.5,,1
764,44,1,18,61,10.8,,0
765,37,1,19,38,13.5,,2
766,27,1,5,26,6.8,,1
767,37,2,11,47,9.6,,2
768,48,2,9,44,5.9,,0
769,30,1,4,21,3.5,,2
770,22,4,0,25,12.2,,1
771,39,2,18,47,7.6,,2
772,26,1,5,18,15.5,,1
773,29,2,9,30,21.7,,1
774,47,1,29,169,2.2,,0
775,33,2,5,37,8.4,,2
776,23,2,2,48,7.5,,1
777,25,2,5,35,16.5,,1
778,34,1,4,23,5.6,,2
779,56,1,19,66,3.3,,0
780,32,1,7,23,9.8,,2
781,27,3,0,50,14.7,,1
782,41,2,6,36,13.9,,0
783,30,1,8,27,20.3,,2
784,38,4,13,126,13.7,,2
785,31,1,6,45,7.3,,2
786,37,3,16,75,0.1,,2
787,30,2,2,26,3.8,,2
788,44,2,8,43,5.0,,0
789,25,2,5,42,15.5,,1
790,33,2,10,54,3.0,,2
791,25,1,3,31,8.1,,1
792,45,1,14,46,5.1,,0
793,23,1,6,15,12.7,,1
794,43,1,24,254,7.7,,0
795,38,2,12,40,5.1,,2
796,24,1,1,16,7.2,,1
797,29,2,2,16,10.5,,1
798,40,1,23,81,10.9,,0
799,47,1,3,21,15.4,,0
800,24,1,1,16,9.2,,1
801,35,2,0,35,12.4,,2
802,38,1,1,42,9.1,,2
803,48,1,10,70,28.2,,0
804,35,2,12,64,15.0,,2
805,27,1,11,21,11.4,,1
806,47,3,16,266,2.0,,0
807,31,1,3,16,32.3,,2
808,30,1,12,40,7.0,,2
809,29,2,10,61,6.2,,1
810,26,4,1,64,23.3,,1
811,38,1,21,65,16.8,,2
812,45,1,7,29,6.1,,0
813,29,1,3,23,9.3,,1
814,52,1,17,73,8.7,,0
815,24,1,1,20,4.1,,1
816,33,2,8,27,9.8,,2
817,38,2,0,21,4.6,,2
818,26,1,0,15,5.4,,1
819,26,1,2,22,6.4,,1
820,35,1,16,37,17.2,,2
821,43,1,9,66,8.8,,0
822,45,3,8,140,13.9,,0
823,24,1,5,46,3.8,,1
824,44,3,7,78,10.5,,0
825,29,2,0,23,8.0,,1
826,22,2,0,14,17.1,,1
827,38,1,16,37,8.6,,2
828,46,1,6,30,17.6,,0
829,46,4,7,73,1.1,,0
830,32,1,13,25,7.5,,2
831,39,3,16,126,6.8,,2
832,40,2,15,138,4.1,,0
833,47,1,16,110,12.6,,0
834,28,1,10,42,8.6,,1
835,36,1,19,45,12.1,,2
836,41,2,13,93,14.7,,0
837,31,2,12,44,9.6,,2
838,39,1,20,116,4.1,,2
839,37,1,4,24,14.2,,2
840,35,2,11,62,32.4,,2
841,35,4,10,45,8.5,,2
842,51,4,15,26,13.6,,0
843,36,1,5,27,7.0,,2
844,23,1,3,13,3.1,,1
845,34,1,12,32,2.7,,2
846,32,2,12,116,5.7,,2
847,48,1,13,38,10.8,,0
848,35,2,1,24,7.8,,2
849,37,1,20,41,12.9,,2
